"codigo","mpio","year","rural","urbana"
"5000","Antioquia",2022,1376295,5511011
"5001","Medellín",2022,42631,2570327
"5002","Abejorral",2022,12199,8721
"5004","Abriaquí",2022,1861,959
"5021","Alejandría",2022,2031,2814
"5030","Amagá",2022,15807,16452
"5031","Amalfi",2022,11307,16614
"5034","Andes",2022,22417,23160
"5036","Angelópolis",2022,3460,2563
"5038","Angostura",2022,8751,3145
"5040","Anorí",2022,10614,9090
"5042","Santafé de Antioquia",2022,9285,18559
"5044","Anzá",2022,5755,1638
"5045","Apartadó",2022,20175,111579
"5051","Arboletes",2022,19772,11690
"5055","Argelia",2022,3942,3838
"5059","Armenia",2022,3252,1980
"5079","Barbosa",2022,29989,26064
"5086","Belmira",2022,4363,1944
"5088","Bello",2022,15498,553990
"5091","Betania",2022,6492,4113
"5093","Betulia",2022,11211,5181
"5101","Ciudad Bolívar",2022,9884,17250
"5107","Briceño",2022,5278,3095
"5113","Buriticá",2022,7160,2774
"5120","Cáceres",2022,24245,7064
"5125","Caicedo",2022,6678,2124
"5129","Caldas",2022,15790,70252
"5134","Campamento",2022,6497,3034
"5138","Cañasgordas",2022,10131,5906
"5142","Caracolí",2022,1713,2960
"5145","Caramanta",2022,2408,2385
"5147","Carepa",2022,13795,38954
"5148","El Carmen de Viboral",2022,25021,39525
"5150","Carolina",2022,932,3164
"5154","Caucasia",2022,10616,87807
"5172","Chigorodó",2022,9120,52594
"5190","Cisneros",2022,1164,9082
"5197","Cocorná",2022,8021,7275
"5206","Concepción",2022,2680,2226
"5209","Concordia",2022,13825,8539
"5212","Copacabana",2022,14623,69766
"5234","Dabeiba",2022,13926,10316
"5237","Don Matías",2022,6624,13704
"5240","Ebéjico",2022,9674,2838
"5250","El Bagre",2022,18584,36941
"5264","Entrerrios",2022,5502,6594
"5266","Envigado",2022,7937,241863
"5282","Fredonia",2022,16239,9287
"5284","Frontino",2022,11503,9843
"5306","Giraldo",2022,3483,2446
"5308","Girardota",2022,23144,33004
"5310","Gómez Plata",2022,4529,5701
"5313","Granada",2022,4297,5772
"5315","Guadalupe",2022,4241,2632
"5318","Guarne",2022,37863,22122
"5321","Guatapé",2022,2885,6096
"5347","Heliconia",2022,2937,2626
"5353","Hispania",2022,1928,3837
"5360","Itagüí",2022,24111,274987
"5361","Ituango",2022,20038,8618
"5364","Jardín",2022,6680,8613
"5368","Jericó",2022,5685,8448
"5376","La Ceja",2022,8569,61901
"5380","La Estrella",2022,9790,68098
"5390","La Pintada",2022,837,7889
"5400","La Unión",2022,8397,14697
"5411","Liborina",2022,7631,2774
"5425","Maceo",2022,4965,3540
"5440","Marinilla",2022,19349,50675
"5467","Montebello",2022,4594,2254
"5475","Murindó",2022,3326,2072
"5480","Mutatá",2022,8737,6101
"5483","Nariño",2022,6653,3604
"5490","Necoclí",2022,31794,13709
"5495","Nechí",2022,12780,15433
"5501","Olaya",2022,2903,371
"5541","Peñol",2022,9770,12678
"5543","Peque",2022,5704,2839
"5576","Pueblorrico",2022,4012,4995
"5579","Puerto Berrío",2022,5592,36391
"5585","Puerto Nare",2022,9576,5314
"5591","Puerto Triunfo",2022,15597,3969
"5604","Remedios",2022,16723,13836
"5607","Retiro",2022,11028,14506
"5615","Rionegro",2022,51982,95502
"5628","Sabanalarga",2022,6011,3556
"5631","Sabaneta",2022,10403,80340
"5642","Salgar",2022,11026,7805
"5647","San Andrés de Cuerquía",2022,4179,3329
"5649","San Carlos",2022,8407,7897
"5652","San Francisco",2022,3170,2904
"5656","San Jerónimo",2022,8669,7851
"5658","San José de La Montaña",2022,1305,2577
"5659","San Juan de Urabá",2022,13630,7978
"5660","San Luis",2022,5122,8410
"5664","San Pedro de Los Milagros",2022,9745,13858
"5665","San Pedro de Urabá",2022,18052,15098
"5667","San Rafael",2022,7520,8631
"5670","San Roque",2022,14477,7794
"5674","San Vicente",2022,16261,6909
"5679","Santa Bárbara",2022,14176,13858
"5686","Santa Rosa de Osos",2022,16034,23024
"5690","Santo Domingo",2022,9358,3350
"5697","El Santuario",2022,9933,27814
"5736","Segovia",2022,6881,33726
"5756","Sonsón",2022,18568,19199
"5761","Sopetrán",2022,8487,7509
"5789","Támesis",2022,8503,8203
"5790","Tarazá",2022,14181,14687
"5792","Tarso",2022,2691,3734
"5809","Titiribí",2022,5699,5354
"5819","Toledo",2022,3217,1983
"5837","Turbo",2022,76622,57656
"5842","Uramita",2022,4630,2484
"5847","Urrao",2022,13759,18080
"5854","Valdivia",2022,10046,4496
"5856","Valparaíso",2022,2649,4025
"5858","Vegachí",2022,3418,8996
"5861","Venecia",2022,6272,5808
"5873","Vigía del Fuerte",2022,6043,3674
"5885","Yalí",2022,3901,4020
"5887","Yarumal",2022,11679,32330
"5890","Yolombó",2022,16162,8077
"5893","Yondó",2022,9402,11339
"5895","Zaragoza",2022,13495,13015
"8000","Atlántico",2022,142000,2662025
"8001","Barranquilla",2022,617,1311856
"8078","Baranoa",2022,11571,57504
"8137","Campo de La Cruz",2022,3319,20955
"8141","Candelaria",2022,4965,12749
"8296","Galapa",2022,4957,64088
"8372","Juan de Acosta",2022,8657,14782
"8421","Luruaco",2022,15273,15957
"8433","Malambo",2022,9615,134166
"8436","Manatí",2022,2678,19412
"8520","Palmar de Varela",2022,1276,30693
"8549","Piojó",2022,4146,3156
"8558","Polonuevo",2022,3362,16773
"8560","Ponedera",2022,11264,15241
"8573","Puerto Colombia",2022,6826,48443
"8606","Repelón",2022,9399,19546
"8634","Sabanagrande",2022,1679,34465
"8638","Sabanalarga",2022,25824,77226
"8675","Santa Lucía",2022,2513,15104
"8685","Santo Tomás",2022,1823,31137
"8758","Soledad",2022,897,684209
"8770","Suan",2022,836,12113
"8832","Tubará",2022,9593,9822
"8849","Usiacurí",2022,910,12628
"11001","Bogotá",2022,30578,7871075
"13000","Bolívar",2022,589261,1647342
"13001","Cartagena",2022,119673,935362
"13006","Achí",2022,20036,5495
"13030","Altos del Rosario",2022,7765,4116
"13042","Arenal",2022,3218,4756
"13052","Arjona",2022,16800,58815
"13062","Arroyohondo",2022,3962,4971
"13074","Barranco de Loba",2022,9641,5925
"13140","Calamar",2022,10351,13332
"13160","Cantagallo",2022,4081,4837
"13188","Cicuco",2022,5304,9364
"13212","Córdoba",2022,12975,3917
"13222","Clemencia",2022,2671,13177
"13244","El Carmen de Bolívar",2022,20750,53686
"13248","El Guamo",2022,4341,4871
"13268","El Peñón",2022,5299,2982
"13300","Hatillo de Loba",2022,10149,3196
"13430","Magangué",2022,45870,97840
"13433","Mahates",2022,19589,10516
"13440","Margarita",2022,9671,1721
"13442","María La Baja",2022,28401,21285
"13458","Montecristo",2022,13999,4055
"13468","Mompós",2022,23848,23737
"13473","Morales",2022,16461,7479
"13490","Norosí",2022,7842,2365
"13549","Pinillos",2022,21810,3523
"13580","Regidor",2022,2811,4601
"13600","Río Viejo",2022,5689,5319
"13620","San Cristóbal",2022,2090,6698
"13647","San Estanislao",2022,6641,12972
"13650","San Fernando",2022,11296,2059
"13654","San Jacinto",2022,3589,21586
"13655","San Jacinto del Cauca",2022,8289,2626
"13657","San Juan Nepomuceno",2022,10495,29011
"13667","San Martín de Loba",2022,7932,7343
"13670","San Pablo",2022,5951,23525
"13673","Santa Catalina",2022,9493,5834
"13683","Santa Rosa",2022,2244,20738
"13688","Santa Rosa del Sur",2022,14224,21228
"13744","Simití",2022,13410,6222
"13760","Soplaviento",2022,214,10900
"13780","Talaigua Nuevo",2022,7165,6350
"13810","Tiquisio",2022,13088,6433
"13836","Turbaco",2022,10150,106190
"13838","Turbaná",2022,4632,13225
"13873","Villanueva",2022,3645,22231
"13894","Zambrano",2022,1706,10928
"15000","Boyacá",2022,500742,758859
"15001","Tunja",2022,7719,173991
"15022","Almeida",2022,1458,373
"15047","Aquitania",2022,9427,6328
"15051","Arcabuco",2022,3464,2596
"15087","Belén",2022,2871,4762
"15090","Berbeo",2022,1141,462
"15092","Betéitiva",2022,1578,383
"15097","Boavita",2022,2482,2380
"15104","Boyacá",2022,4280,907
"15106","Briceño",2022,1647,545
"15109","Buenavista",2022,3566,889
"15114","Busbanzá",2022,690,479
"15131","Caldas",2022,2834,334
"15135","Campohermoso",2022,2239,863
"15162","Cerinza",2022,1993,1763
"15172","Chinavita",2022,1931,1306
"15176","Chiquinquirá",2022,6853,51873
"15180","Chiscas",2022,2982,957
"15183","Chita",2022,5738,2160
"15185","Chitaraque",2022,4609,1335
"15187","Chivatá",2022,2320,552
"15189","Ciénega",2022,3360,1358
"15204","Cómbita",2022,11794,1667
"15212","Coper",2022,2644,975
"15215","Corrales",2022,949,1630
"15218","Covarachía",2022,2181,557
"15223","Cubará",2022,8365,2532
"15224","Cucaita",2022,2237,1601
"15226","Cuítiva",2022,1531,303
"15232","Chíquiza",2022,4352,456
"15236","Chivor",2022,1822,738
"15238","Duitama",2022,14208,114192
"15244","El Cocuy",2022,1890,2280
"15248","El Espino",2022,1666,1429
"15272","Firavitoba",2022,4228,2667
"15276","Floresta",2022,2015,1259
"15293","Gachantivá",2022,2174,641
"15296","Gámeza",2022,3486,1430
"15299","Garagoa",2022,5404,13168
"15317","Guacamayas",2022,1193,666
"15322","Guateque",2022,3104,7947
"15325","Guayatá",2022,2229,1208
"15332","Güicán",2022,2919,1440
"15362","Iza",2022,780,1242
"15367","Jenesano",2022,5502,1935
"15368","Jericó",2022,2611,1330
"15377","Labranzagrande",2022,2290,1250
"15380","La Capilla",2022,1632,1095
"15401","La Victoria",2022,693,439
"15403","La Uvita",2022,1479,1288
"15407","Villa de Leyva",2022,8517,8688
"15425","Macanal",2022,3845,1295
"15442","Maripí",2022,4841,918
"15455","Miraflores",2022,3485,5651
"15464","Mongua",2022,2593,2088
"15466","Monguí",2022,1979,2371
"15469","Moniquirá",2022,10912,12434
"15476","Motavita",2022,4845,936
"15480","Muzo",2022,2805,5702
"15491","Nobsa",2022,11051,5620
"15494","Nuevo Colón",2022,4132,1155
"15500","Oicatá",2022,2440,489
"15507","Otanche",2022,4368,3744
"15511","Pachavita",2022,1890,584
"15514","Páez",2022,1826,1462
"15516","Paipa",2022,13317,21836
"15518","Pajarito",2022,1403,1043
"15522","Panqueba",2022,850,870
"15531","Pauna",2022,5009,2300
"15533","Paya",2022,2075,595
"15537","Paz de Río",2022,1432,2822
"15542","Pesca",2022,4431,2390
"15550","Pisba",2022,1216,601
"15572","Puerto Boyacá",2022,13610,35320
"15580","Quípama",2022,3564,1485
"15599","Ramiriquí",2022,5804,4408
"15600","Ráquira",2022,5446,2690
"15621","Rondón",2022,1730,675
"15632","Saboyá",2022,12696,1339
"15638","Sáchica",2022,2931,2824
"15646","Samacá",2022,11213,7862
"15660","San Eduardo",2022,887,795
"15664","San José de Pare",2022,3932,1134
"15667","San Luis de Gaceno",2022,2991,2556
"15673","San Mateo",2022,1948,1225
"15676","San Miguel de Sema",2022,2560,492
"15681","San Pablo de Borbur",2022,5881,925
"15686","Santana",2022,5033,2781
"15690","Santa María",2022,1415,2130
"15693","Santa Rosa de Viterbo",2022,5164,8340
"15696","Santa Sofía",2022,2138,1117
"15720","Sativanorte",2022,1455,727
"15723","Sativasur",2022,787,333
"15740","Siachoque",2022,5580,1285
"15753","Soatá",2022,2425,6526
"15755","Socotá",2022,5672,1636
"15757","Socha",2022,3690,4505
"15759","Sogamoso",2022,14912,117983
"15761","Somondoco",2022,2194,725
"15762","Sora",2022,2546,572
"15763","Sotaquirá",2022,7307,1110
"15764","Soracá",2022,4461,1689
"15774","Susacón",2022,2067,673
"15776","Sutamarchán",2022,3953,2360
"15778","Sutatenza",2022,3435,844
"15790","Tasco",2022,4106,1764
"15798","Tenza",2022,2644,1228
"15804","Tibaná",2022,7272,1970
"15806","Tibasosa",2022,8883,4696
"15808","Tinjacá",2022,2546,851
"15810","Tipacoque",2022,2320,1014
"15814","Toca",2022,4465,4548
"15816","Togüí",2022,3671,722
"15820","Tópaga",2022,2579,1168
"15822","Tota",2022,4298,1005
"15832","Tununguá",2022,1292,306
"15835","Turmequé",2022,3999,2240
"15837","Tuta",2022,5939,2638
"15839","Tutazá",2022,1846,220
"15842","Umbita",2022,6424,1230
"15861","Ventaquemada",2022,13471,2842
"15879","Viracachá",2022,2359,488
"15897","Zetaquira",2022,3379,1308
"17000","Caldas",2022,243573,792882
"17001","Manizales",2022,24627,429450
"17013","Aguadas",2022,10980,12472
"17042","Anserma",2022,15442,21893
"17050","Aranzazu",2022,3475,7266
"17088","Belalcázar",2022,5803,5034
"17174","Chinchiná",2022,5903,47281
"17272","Filadelfia",2022,7286,4314
"17380","La Dorada",2022,9045,66274
"17388","La Merced",2022,3597,2388
"17433","Manzanares",2022,7145,10961
"17442","Marmato",2022,7974,1356
"17444","Marquetalia",2022,6690,7037
"17446","Marulanda",2022,1707,882
"17486","Neira",2022,8893,12591
"17495","Norcasia",2022,1928,4307
"17513","Pácora",2022,7576,8017
"17524","Palestina",2022,10294,5662
"17541","Pensilvania",2022,11502,8600
"17614","Riosucio",2022,32508,20370
"17616","Risaralda",2022,6050,4703
"17653","Salamina",2022,7659,12074
"17662","Samaná",2022,13488,6829
"17665","San José",2022,3503,1499
"17777","Supía",2022,14993,14891
"17867","Victoria",2022,5762,4771
"17873","Villamaría",2022,7848,60777
"17877","Viterbo",2022,1895,11183
"18000","Caquetá",2022,144293,274982
"18001","Florencia",2022,20592,156114
"18029","Albania",2022,2291,2198
"18094","Belén de Los Andaquíes",2022,4230,7188
"18150","Cartagena del Chairá",2022,14916,16901
"18205","Curillo",2022,2353,5585
"18247","El Doncello",2022,5849,13843
"18256","El Paujil",2022,9371,9488
"18410","La Montañita",2022,12147,2856
"18460","Milán",2022,8991,1174
"18479","Morelia",2022,1706,2120
"18592","Puerto Rico",2022,11614,15224
"18610","San José del Fragua",2022,6440,6939
"18753","San Vicente del Caguán",2022,27807,25910
"18756","Solano",2022,8700,3049
"18785","Solita",2022,2544,3936
"18860","Valparaíso",2022,4742,2457
"19000","Cauca",2022,970294,545724
"19001","Popayán",2022,59631,271119
"19022","Almaguer",2022,17339,1129
"19050","Argelia",2022,24510,2503
"19075","Balboa",2022,16439,5341
"19100","Bolívar",2022,32964,4622
"19110","Buenos Aires",2022,31639,929
"19130","Cajibío",2022,41694,1833
"19137","Caldono",2022,40640,1807
"19142","Caloto",2022,25557,5142
"19212","Corinto",2022,13253,12594
"19256","El Tambo",2022,52094,2535
"19290","Florencia",2022,4182,1207
"19300","Guachené",2022,13787,6553
"19318","Guapi",2022,14082,14057
"19355","Inzá",2022,28876,1042
"19364","Jambaló",2022,17078,1791
"19392","La Sierra",2022,9112,1713
"19397","La Vega",2022,24223,813
"19418","López",2022,17500,1739
"19450","Mercaderes",2022,17576,5891
"19455","Miranda",2022,14182,18420
"19473","Morales",2022,38611,2122
"19513","Padilla",2022,5671,4481
"19517","Paéz",2022,45098,2401
"19532","Patía",2022,24509,13585
"19533","Piamonte",2022,7264,2145
"19548","Piendamó",2022,28235,14280
"19573","Puerto Tejada",2022,6131,36331
"19585","Puracé",2022,16285,1565
"19622","Rosas",2022,10725,999
"19693","San Sebastián",2022,10668,571
"19698","Santander de Quilichao",2022,61918,52914
"19701","Santa Rosa",2022,4833,636
"19743","Silvia",2022,34573,4107
"19760","Sotará",2022,14003,437
"19780","Suárez",2022,26977,6076
"19785","Sucre",2022,8236,1590
"19807","Timbío",2022,22256,14619
"19809","Timbiquí",2022,20855,6183
"19821","Toribío",2022,35154,2135
"19824","Totoró",2022,24912,1115
"19845","Villa Rica",2022,7022,14652
"20000","Cesar",2022,335316,1006381
"20001","Valledupar",2022,67595,484453
"20011","Aguachica",2022,16112,106790
"20013","Agustín Codazzi",2022,14642,52337
"20032","Astrea",2022,10242,11570
"20045","Becerril",2022,6181,17957
"20060","Bosconia",2022,2884,41994
"20175","Chimichagua",2022,22634,14885
"20178","Chiriguaná",2022,12521,18166
"20228","Curumaní",2022,12218,28862
"20238","El Copey",2022,8223,24554
"20250","El Paso",2022,34884,7438
"20295","Gamarra",2022,5711,10718
"20310","González",2022,3317,1414
"20383","La Gloria",2022,12461,6644
"20400","La Jagua de Ibirico",2022,12232,40539
"20443","Manaure",2022,1924,9297
"20517","Pailitas",2022,5185,15222
"20550","Pelaya",2022,7139,15946
"20570","Pueblo Bello",2022,20890,9601
"20614","Río de Oro",2022,9879,8548
"20621","La Paz",2022,9078,21579
"20710","San Alberto",2022,5975,23497
"20750","San Diego",2022,9707,11492
"20770","San Martín",2022,13601,16193
"20787","Tamalameque",2022,10081,6685
"23000","Córdoba",2022,898692,957804
"23001","Montería",2022,112921,400073
"23068","Ayapel",2022,20005,27949
"23079","Buenavista",2022,13902,7870
"23090","Canalete",2022,11806,3862
"23162","Cereté",2022,49393,60639
"23168","Chimá",2022,14482,3691
"23182","Chinú",2022,29400,20022
"23189","Ciénaga de Oro",2022,39116,22310
"23300","Cotorra",2022,13729,6116
"23350","La Apartada",2022,3750,11696
"23417","Lorica",2022,62555,54633
"23419","Los Córdobas",2022,15831,3776
"23464","Momil",2022,8485,11937
"23466","Montelíbano",2022,22755,64432
"23500","Moñitos",2022,24728,6319
"23555","Planeta Rica",2022,24096,41649
"23570","Pueblo Nuevo",2022,26798,10234
"23574","Puerto Escondido",2022,20584,4149
"23580","Puerto Libertador",2022,30779,13454
"23586","Purísima",2022,10677,7173
"23660","Sahagún",2022,57676,54206
"23670","San Andrés Sotavento",2022,38965,9795
"23672","San Antero",2022,19421,16145
"23675","San Bernardo del Viento",2022,28698,8931
"23678","San Carlos",2022,23230,4547
"23682","San José de Ure",2022,8788,5235
"23686","San Pelayo",2022,44807,8979
"23807","Tierralta",2022,52913,43707
"23815","Tuchín",2022,48307,7484
"23855","Valencia",2022,20095,16791
"25000","Cundinamarca",2022,845641,2632682
"25001","Agua de Dios",2022,2642,10575
"25019","Albán",2022,5042,2335
"25035","Anapoima",2022,9355,7872
"25040","Anolaima",2022,10139,5494
"25053","Arbeláez",2022,6240,5513
"25086","Beltrán",2022,1494,528
"25095","Bituima",2022,2105,649
"25099","Bojacá",2022,2084,9814
"25120","Cabrera",2022,3895,1534
"25123","Cachipay",2022,6911,4567
"25126","Cajicá",2022,29031,70689
"25148","Caparrapí",2022,9754,4177
"25151","Cáqueza",2022,9663,9594
"25154","Carmen de Carupa",2022,5571,2944
"25168","Chaguaní",2022,3360,1320
"25175","Chía",2022,25394,135041
"25178","Chipaque",2022,7131,3655
"25181","Choachí",2022,6989,5374
"25183","Chocontá",2022,10049,13843
"25200","Cogua",2022,15590,10614
"25214","Cota",2022,12648,27031
"25224","Cucunubá",2022,7042,1813
"25245","El Colegio",2022,14653,13419
"25258","El Peñón",2022,4185,951
"25260","El Rosal",2022,2295,24272
"25269","Facatativá",2022,10955,156354
"25279","Fómeque",2022,6937,6793
"25281","Fosca",2022,4567,1908
"25286","Funza",2022,1826,110894
"25288","Fúquene",2022,5059,529
"25290","Fusagasugá",2022,21623,143717
"25293","Gachalá",2022,2860,1864
"25295","Gachancipá",2022,5836,14948
"25297","Gachetá",2022,4941,4216
"25299","Gama",2022,2433,1014
"25307","Girardot",2022,3916,113828
"25312","Granada",2022,5823,2682
"25317","Guachetá",2022,7764,7508
"25320","Guaduas",2022,17444,18173
"25322","Guasca",2022,9834,8326
"25324","Guataquí",2022,1501,1472
"25326","Guatavita",2022,4331,2973
"25328","Guayabal de Síquima",2022,3639,1448
"25335","Guayabetal",2022,4561,2671
"25339","Gutiérrez",2022,2509,1316
"25368","Jerusalén",2022,1479,1004
"25372","Junín",2022,5188,1326
"25377","La Calera",2022,17314,17987
"25386","La Mesa",2022,16578,22168
"25394","La Palma",2022,5456,5065
"25398","La Peña",2022,5028,1508
"25402","La Vega",2022,11536,8456
"25407","Lenguazaque",2022,7726,3850
"25426","Machetá",2022,4527,2206
"25430","Madrid",2022,6348,130026
"25436","Manta",2022,2817,1358
"25438","Medina",2022,3564,5242
"25473","Mosquera",2022,1960,159650
"25483","Nariño",2022,694,1948
"25486","Nemocón",2022,7361,8224
"25488","Nilo",2022,8747,4155
"25489","Nimaima",2022,2981,1055
"25491","Nocaima",2022,4483,2554
"25506","Venecia",2022,3160,1611
"25513","Pacho",2022,11737,15935
"25518","Paime",2022,3780,809
"25524","Pandi",2022,4149,1571
"25530","Paratebueno",2022,5218,4668
"25535","Pasca",2022,6597,3726
"25572","Puerto Salgar",2022,4342,13536
"25580","Pulí",2022,2711,976
"25592","Quebradanegra",2022,4486,798
"25594","Quetame",2022,3836,1864
"25596","Quipile",2022,5880,1129
"25599","Apulo",2022,4947,4434
"25612","Ricaurte",2022,6239,9172
"25645","San Antonio del Tequendama",2022,11862,1896
"25649","San Bernardo",2022,5146,4489
"25653","San Cayetano",2022,4301,1038
"25658","San Francisco",2022,6912,5790
"25662","San Juan de Río Seco",2022,5381,3774
"25718","Sasaima",2022,8714,3641
"25736","Sesquilé",2022,8700,4861
"25740","Sibaté",2022,10204,29109
"25743","Silvania",2022,15712,9478
"25745","Simijaca",2022,5480,9600
"25754","Soacha",2022,4538,803750
"25758","Sopó",2022,8099,23007
"25769","Subachoque",2022,8299,9657
"25772","Suesca",2022,10034,10064
"25777","Supatá",2022,3780,2164
"25779","Susa",2022,4557,3022
"25781","Sutatausa",2022,4279,2629
"25785","Tabio",2022,16936,9028
"25793","Tausa",2022,7095,2186
"25797","Tena",2022,9892,1402
"25799","Tenjo",2022,13840,12001
"25805","Tibacuy",2022,4076,899
"25807","Tibirita",2022,2755,768
"25815","Tocaima",2022,6133,11681
"25817","Tocancipá",2022,27374,21661
"25823","Topaipí",2022,3544,1050
"25839","Ubalá",2022,6316,2037
"25841","Ubaque",2022,5886,1693
"25843","Villa de San Diego de Ubate",2022,10736,39573
"25845","Une",2022,3346,4559
"25851","Útica",2022,1883,2872
"25862","Vergara",2022,5900,1786
"25867","Vianí",2022,3071,1934
"25871","Villagómez",2022,1177,781
"25873","Villapinzón",2022,11323,8445
"25875","Villeta",2022,8976,22262
"25878","Viotá",2022,9255,5628
"25885","Yacopí",2022,9466,4008
"25898","Zipacón",2022,3655,1731
"25899","Zipaquirá",2022,24518,132465
"27000","Chocó",2022,311254,242265
"27001","Quibdó",2022,19032,113886
"27006","Acandí",2022,7884,6501
"27025","Alto Baudó",2022,25490,3261
"27050","Atrato",2022,3381,2927
"27073","Bagadó",2022,9053,2391
"27075","Bahía Solano",2022,4197,6246
"27077","Bajo Baudó",2022,24279,6680
"27099","Bojayá",2022,11514,1011
"27135","El Cantón del San Pablo",2022,3482,2906
"27150","Carmen del Darién",2022,17701,2124
"27160","Cértegui",2022,2503,3350
"27205","Condoto",2022,2827,9738
"27245","El Carmen de Atrato",2022,5880,2463
"27250","El Litoral del San Juan",2022,21663,1597
"27361","Istmina",2022,8657,22641
"27372","Juradó",2022,4507,2445
"27413","Lloró",2022,6722,3349
"27425","Medio Atrato",2022,10265,842
"27430","Medio Baudó",2022,13759,2178
"27450","Medio San Juan",2022,8378,2623
"27491","Nóvita",2022,5762,3488
"27495","Nuquí",2022,15544,1367
"27580","Río Iró",2022,4142,1540
"27600","Río Quito",2022,6313,2272
"27615","Riosucio",2022,41326,14800
"27660","San José del Palmar",2022,3858,1182
"27745","Sipí",2022,2551,720
"27787","Tadó",2022,7416,10783
"27800","Unguía",2022,9059,3968
"27810","Unión Panamericana",2022,4109,2986
"41000","Huila",2022,454085,686847
"41001","Neiva",2022,24501,345817
"41006","Acevedo",2022,21057,4656
"41013","Agrado",2022,3267,5815
"41016","Aipe",2022,5855,10963
"41020","Algeciras",2022,11897,11044
"41026","Altamira",2022,1987,2452
"41078","Baraya",2022,4475,3928
"41132","Campoalegre",2022,7729,24136
"41244","Elías",2022,2920,1451
"41298","Garzón",2022,35466,39887
"41306","Gigante",2022,15184,9943
"41319","Guadalupe",2022,13111,5491
"41349","Hobo",2022,1762,5745
"41357","Iquira",2022,6866,2631
"41359","Isnos",2022,19864,6277
"41378","La Argentina",2022,8401,4977
"41396","La Plata",2022,37104,26300
"41483","Nátaga",2022,3982,2698
"41503","Oporapa",2022,9769,2347
"41518","Paicol",2022,3999,2833
"41524","Palermo",2022,14510,12812
"41530","Palestina",2022,9847,1735
"41548","Pital",2022,9185,4968
"41551","Pitalito",2022,54539,76203
"41615","Rivera",2022,13464,12080
"41660","Saladoblanco",2022,8899,1839
"41668","San Agustín",2022,22961,11320
"41676","Santa María",2022,8132,2500
"41770","Suaza",2022,18591,4511
"41791","Tarqui",2022,12451,5565
"41797","Tesalia",2022,5652,5450
"41799","Tello",2022,6713,5278
"41801","Teruel",2022,3892,4333
"41807","Timaná",2022,14610,7818
"41872","Villavieja",2022,4968,2389
"41885","Yaguará",2022,1348,6603
"44000","La Guajira",2022,503707,498687
"44001","Riohacha",2022,55816,153672
"44035","Albania",2022,13729,19765
"44078","Barrancas",2022,20323,19478
"44090","Dibulla",2022,37082,6581
"44098","Distracción",2022,7464,7324
"44110","El Molino",2022,436,7742
"44279","Fonseca",2022,4991,41241
"44378","Hatonuevo",2022,8198,14675
"44420","La Jagua del Pilar",2022,1341,2638
"44430","Maicao",2022,67662,124423
"44560","Manaure",2022,84000,12991
"44650","San Juan del Cesar",2022,14829,36634
"44847","Uribia",2022,185179,12148
"44855","Urumita",2022,1140,10548
"44874","Villanueva",2022,1517,28827
"47000","Magdalena",2022,458618,1004809
"47001","Santa Marta",2022,57319,495072
"47030","Algarrobo",2022,6264,10950
"47053","Aracataca",2022,17521,25024
"47058","Ariguaní",2022,12226,20375
"47161","Cerro San Antonio",2022,4703,5490
"47170","Chibolo",2022,9211,14775
"47189","Ciénaga",2022,14736,112758
"47205","Concordia",2022,7142,4372
"47245","El Banco",2022,28540,42944
"47258","El Piñón",2022,16994,7705
"47268","El Retén",2022,4802,16789
"47288","Fundación",2022,11197,61083
"47318","Guamal",2022,20140,8486
"47460","Nueva Granada",2022,13111,8596
"47541","Pedraza",2022,6542,2984
"47545","Pijiño del Carmen",2022,7208,6030
"47551","Pivijay",2022,17061,22901
"47555","Plato",2022,15736,49905
"47570","Puebloviejo",2022,22786,10225
"47605","Remolino",2022,4407,7825
"47660","Sabanas de San Ángel",2022,12433,4719
"47675","Salamina",2022,3963,7619
"47692","San Sebastián de Buenavista",2022,15017,6204
"47703","San Zenón",2022,11454,1303
"47707","Santa Ana",2022,11969,14768
"47720","Santa Bárbara de Pinto",2022,4500,7084
"47745","Sitionuevo",2022,14827,15078
"47798","Tenerife",2022,7247,6599
"47960","Zapayán",2022,6853,4031
"47980","Zona Bananera",2022,72709,3115
"50000","Meta",2022,258729,821977
"50001","Villavicencio",2022,44263,509910
"50006","Acacías",2022,22629,70694
"50110","Barranca de Upía",2022,1913,4771
"50124","Cabuyaro",2022,3167,3124
"50150","Castilla La Nueva",2022,9627,6538
"50223","Cubarral",2022,2457,4725
"50226","Cumaral",2022,8146,15422
"50245","El Calvario",2022,1075,604
"50251","El Castillo",2022,4676,2851
"50270","El Dorado",2022,2589,1446
"50287","Fuente de Oro",2022,5405,7182
"50313","Granada",2022,11629,60096
"50318","Guamal",2022,4810,9887
"50325","Mapiripán",2022,4775,2496
"50330","Mesetas",2022,6160,4438
"50350","La Macarena",2022,23778,4730
"50370","Uribe",2022,7481,2153
"50400","Lejanías",2022,6604,4737
"50450","Puerto Concordia",2022,5199,3508
"50568","Puerto Gaitán",2022,22388,21926
"50573","Puerto López",2022,12099,18700
"50577","Puerto Lleras",2022,6478,4042
"50590","Puerto Rico",2022,6459,6622
"50606","Restrepo",2022,6373,12585
"50680","San Carlos de Guaroa",2022,6434,6650
"50683","San Juan de Arama",2022,4525,4482
"50686","San Juanito",2022,570,693
"50689","San Martín",2022,7468,19457
"50711","Vistahermosa",2022,9552,7508
"52000","Nariño",2022,914334,714847
"52001","Pasto",2022,87276,305733
"52019","Albán",2022,6640,2688
"52022","Aldana",2022,5811,1556
"52036","Ancuyá",2022,6519,2091
"52051","Arboleda",2022,7271,1156
"52079","Barbacoas",2022,44244,12342
"52083","Belén",2022,3057,3249
"52110","Buesaco",2022,17329,6606
"52203","Colón",2022,7226,1097
"52207","Consacá",2022,11603,2147
"52210","Contadero",2022,5932,1310
"52215","Córdoba",2022,12410,3080
"52224","Cuaspud",2022,6493,2715
"52227","Cumbal",2022,30235,6837
"52233","Cumbitara",2022,4140,1633
"52240","Chachagüí",2022,10891,4425
"52250","El Charco",2022,15201,7373
"52254","El Peñol",2022,6081,1369
"52256","El Rosario",2022,10290,1782
"52258","El Tablón de Gómez",2022,12698,1575
"52260","El Tambo",2022,8646,5175
"52287","Funes",2022,4055,3086
"52317","Guachucal",2022,16379,2977
"52320","Guaitarilla",2022,7005,4330
"52323","Gualmatán",2022,4057,2989
"52352","Iles",2022,5508,2131
"52354","Imués",2022,6442,1010
"52356","Ipiales",2022,38813,77123
"52378","La Cruz",2022,10654,8005
"52381","La Florida",2022,7931,1989
"52385","La Llanada",2022,3323,3153
"52390","La Tola",2022,4556,2912
"52399","La Unión",2022,19070,12708
"52405","Leiva",2022,6584,2995
"52411","Linares",2022,7826,2195
"52418","Los Andes",2022,4908,4368
"52427","Magüi",2022,17984,7586
"52435","Mallama",2022,7719,1235
"52473","Mosquera",2022,6750,5845
"52480","Nariño",2022,1708,2642
"52490","Olaya Herrera",2022,14388,10844
"52506","Ospina",2022,5036,1963
"52520","Francisco Pizarro",2022,8698,5472
"52540","Policarpa",2022,7176,2611
"52560","Potosí",2022,7970,2097
"52565","Providencia",2022,4058,1500
"52573","Puerres",2022,4927,3445
"52585","Pupiales",2022,11050,6184
"52612","Ricaurte",2022,17674,2404
"52621","Roberto Payán",2022,9315,3393
"52678","Samaniego",2022,18317,9449
"52683","Sandoná",2022,9698,10089
"52685","San Bernardo",2022,6586,2593
"52687","San Lorenzo",2022,16221,2194
"52693","San Pablo",2022,10865,3941
"52694","San Pedro de Cartago",2022,6000,826
"52696","Santa Bárbara",2022,9700,3553
"52699","Santacruz",2022,9555,1531
"52720","Sapuyes",2022,5839,1399
"52786","Taminango",2022,13899,3998
"52788","Tangua",2022,10570,2763
"52835","San Andrés de Tumaco",2022,170524,86802
"52838","Túquerres",2022,27368,17246
"52885","Yacuanquer",2022,7635,3332
"54000","Norte de Santander",2022,339517,1311761
"54001","Cúcuta",2022,28550,763436
"54003","Ábrego",2022,16428,18146
"54051","Arboledas",2022,7756,2490
"54099","Bochalema",2022,5615,3399
"54109","Bucarasica",2022,6105,634
"54125","Cácota",2022,1935,1034
"54128","Cachirá",2022,9375,2035
"54172","Chinácota",2022,6758,12461
"54174","Chitagá",2022,7755,4874
"54206","Convención",2022,11872,8147
"54223","Cucutilla",2022,6937,1699
"54239","Durania",2022,2474,2429
"54245","El Carmen",2022,11820,2489
"54250","El Tarra",2022,12504,9842
"54261","El Zulia",2022,11492,18463
"54313","Gramalote",2022,5126,2714
"54344","Hacarí",2022,9192,1612
"54347","Herrán",2022,6059,1406
"54377","Labateca",2022,4881,1818
"54385","La Esperanza",2022,10608,2002
"54398","La Playa",2022,7145,1010
"54405","Los Patios",2022,2384,96697
"54418","Lourdes",2022,2210,2060
"54480","Mutiscua",2022,3698,919
"54498","Ocaña",2022,13140,118644
"54518","Pamplona",2022,3882,51048
"54520","Pamplonita",2022,4622,1281
"54553","Puerto Santander",2022,592,8847
"54599","Ragonvalia",2022,3280,3179
"54660","Salazar",2022,6659,4272
"54670","San Calixto",2022,10024,2381
"54673","San Cayetano",2022,5311,2628
"54680","Santiago",2022,1748,1989
"54720","Sardinata",2022,16597,10715
"54743","Silos",2022,5655,1015
"54800","Teorama",2022,14974,3034
"54810","Tibú",2022,37416,22429
"54820","Toledo",2022,10715,5919
"54871","Villa Caro",2022,2945,2458
"54874","Villa del Rosario",2022,3278,110106
"63000","Quindío",2022,67675,501894
"63001","Armenia",2022,7771,304780
"63111","Buenavista",2022,1919,1289
"63130","Calarcá",2022,16593,60210
"63190","Circasia",2022,7181,22621
"63212","Córdoba",2022,2295,3589
"63272","Filandia",2022,5407,7163
"63302","Génova",2022,3205,4431
"63401","La Tebaida",2022,3298,32394
"63470","Montenegro",2022,6553,31916
"63548","Pijao",2022,2200,3051
"63594","Quimbaya",2022,5692,26239
"63690","Salento",2022,5561,4211
"66000","Risaralda",2022,194936,782893
"66001","Pereira",2022,76303,409070
"66045","Apía",2022,6592,5840
"66075","Balboa",2022,4705,1701
"66088","Belén de Umbría",2022,11703,13432
"66170","Dosquebradas",2022,10072,217624
"66318","Guática",2022,8273,4046
"66383","La Celia",2022,4436,3118
"66400","La Virginia",2022,619,27846
"66440","Marsella",2022,7757,9248
"66456","Mistrató",2022,13039,4516
"66572","Pueblo Rico",2022,13390,3344
"66594","Quinchía",2022,19558,8188
"66682","Santa Rosa de Cabal",2022,12564,68196
"66687","Santuario",2022,5925,6724
"68000","Santander",2022,530562,1793528
"68001","Bucaramanga",2022,10020,608947
"68013","Aguada",2022,1525,377
"68020","Albania",2022,3672,746
"68051","Aratoca",2022,5920,2726
"68077","Barbosa",2022,7991,25282
"68079","Barichara",2022,7525,3493
"68081","Barrancabermeja",2022,26759,187930
"68092","Betulia",2022,4663,1512
"68101","Bolívar",2022,9368,1818
"68121","Cabrera",2022,1589,470
"68132","California",2022,1228,1046
"68147","Capitanejo",2022,1929,3653
"68152","Carcasí",2022,3627,712
"68160","Cepitá",2022,1461,602
"68162","Cerrito",2022,3385,3678
"68167","Charalá",2022,4793,7710
"68169","Charta",2022,2126,816
"68176","Chima",2022,1999,921
"68179","Chipatá",2022,4407,782
"68190","Cimitarra",2022,18953,16103
"68207","Concepción",2022,2874,2991
"68209","Confines",2022,2537,819
"68211","Contratación",2022,851,2918
"68217","Coromoro",2022,4225,893
"68229","Curití",2022,8372,5163
"68235","El Carmen de Chucurí",2022,18477,3753
"68245","El Guacamayo",2022,1357,767
"68250","El Peñón",2022,4712,898
"68255","El Playón",2022,6562,7740
"68264","Encino",2022,2002,630
"68266","Enciso",2022,2524,986
"68271","Florián",2022,4263,1431
"68276","Floridablanca",2022,12182,301563
"68296","Galán",2022,2034,911
"68298","Gámbita",2022,3301,787
"68307","Girón",2022,19143,156027
"68318","Guaca",2022,4283,1737
"68320","Guadalupe",2022,2731,1821
"68322","Guapotá",2022,1700,758
"68324","Guavatá",2022,3110,1160
"68327","Güepsa",2022,2047,3362
"68344","Hato",2022,1660,755
"68368","Jesús María",2022,2586,816
"68370","Jordán",2022,1217,144
"68377","La Belleza",2022,4348,1946
"68385","Landázuri",2022,7139,3648
"68397","La Paz",2022,4111,898
"68406","Lebrija",2022,19291,25717
"68418","Los Santos",2022,12934,2134
"68425","Macaravita",2022,1798,346
"68432","Málaga",2022,2879,19200
"68444","Matanza",2022,3548,1582
"68464","Mogotes",2022,6307,4540
"68468","Molagavita",2022,3442,741
"68498","Ocamonte",2022,4912,1007
"68500","Oiba",2022,6060,5325
"68502","Onzaga",2022,2795,1364
"68522","Palmar",2022,906,527
"68524","Palmas del Socorro",2022,1787,888
"68533","Páramo",2022,3483,1478
"68547","Piedecuesta",2022,32181,154254
"68549","Pinchote",2022,4185,1301
"68572","Puente Nacional",2022,9112,6011
"68573","Puerto Parra",2022,5179,2990
"68575","Puerto Wilches",2022,16969,17880
"68615","Rionegro",2022,20254,7317
"68655","Sabana de Torres",2022,10683,24529
"68669","San Andrés",2022,5363,3395
"68673","San Benito",2022,2654,374
"68679","San Gil",2022,7725,53079
"68682","San Joaquín",2022,1357,892
"68684","San José de Miranda",2022,3355,1015
"68686","San Miguel",2022,1803,722
"68689","San Vicente de Chucurí",2022,20718,13506
"68705","Santa Bárbara",2022,2148,346
"68720","Santa Helena del Opón",2022,2576,899
"68745","Simacota",2022,7845,2573
"68755","Socorro",2022,5837,28430
"68770","Suaita",2022,7888,2461
"68773","Sucre",2022,6454,743
"68780","Suratá",2022,3025,1037
"68820","Tona",2022,7085,780
"68855","Valle de San José",2022,3759,2696
"68861","Vélez",2022,11217,14476
"68867","Vetas",2022,1433,776
"68872","Villanueva",2022,3133,4999
"68895","Zapatoca",2022,3194,6552
"70000","Sucre",2022,372849,599501
"70001","Sincelejo",2022,35936,265190
"70110","Buenavista",2022,2406,8826
"70124","Caimito",2022,12555,3864
"70204","Colosó",2022,5142,3801
"70215","Corozal",2022,18100,54482
"70221","Coveñas",2022,8221,11771
"70230","Chalán",2022,1754,2961
"70233","El Roble",2022,6169,4525
"70235","Galeras",2022,11197,12608
"70265","Guaranda",2022,11633,7422
"70400","La Unión",2022,7083,6228
"70418","Los Palmitos",2022,12889,11573
"70429","Majagual",2022,28570,10663
"70473","Morroa",2022,6627,9618
"70508","Ovejas",2022,12246,11757
"70523","Palmito",2022,10339,5084
"70670","Sampués",2022,25302,24708
"70678","San Benito Abad",2022,24547,5948
"70702","San Juan de Betulia",2022,7365,7169
"70708","San Marcos",2022,28318,33726
"70713","San Onofre",2022,32671,19675
"70717","San Pedro",2022,7071,12604
"70742","San Luis de Sincé",2022,9117,23558
"70771","Sucre",2022,24483,7077
"70820","Santiago de Tolú",2022,6955,27988
"70823","Tolú Viejo",2022,16153,6675
"73000","Tolima",2022,417851,929084
"73001","Ibagué",2022,38842,505107
"73024","Alpujarra",2022,2437,2044
"73026","Alvarado",2022,5378,3381
"73030","Ambalema",2022,1354,5240
"73043","Anzoátegui",2022,8514,1543
"73055","Armero",2022,4434,7665
"73067","Ataco",2022,14182,5032
"73124","Cajamarca",2022,8896,9639
"73148","Carmen de Apicalá",2022,2561,7942
"73152","Casabianca",2022,4607,1722
"73168","Chaparral",2022,21617,29388
"73200","Coello",2022,6763,1601
"73217","Coyaima",2022,18476,4128
"73226","Cunday",2022,5964,2450
"73236","Dolores",2022,4777,3449
"73268","Espinal",2022,19669,51714
"73270","Falan",2022,5580,1843
"73275","Flandes",2022,3817,24949
"73283","Fresno",2022,15229,16120
"73319","Guamo",2022,16005,16933
"73347","Herveo",2022,5004,2246
"73349","Honda",2022,1280,23386
"73352","Icononzo",2022,8212,3741
"73408","Lérida",2022,4676,14035
"73411","Líbano",2022,12850,23564
"73443","San Sebastián de Mariquita",2022,10001,28534
"73449","Melgar",2022,6925,30955
"73461","Murillo",2022,2366,1798
"73483","Natagaima",2022,6691,8055
"73504","Ortega",2022,27096,7398
"73520","Palocabildo",2022,6707,3159
"73547","Piedras",2022,4420,2376
"73555","Planadas",2022,18849,7081
"73563","Prado",2022,4613,3845
"73585","Purificación",2022,10093,13564
"73616","Rioblanco",2022,18728,4004
"73622","Roncesvalles",2022,3577,1930
"73624","Rovira",2022,11205,10395
"73671","Saldaña",2022,5889,8657
"73675","San Antonio",2022,8247,4387
"73678","San Luis",2022,9611,3908
"73686","Santa Isabel",2022,3504,2198
"73770","Suárez",2022,2199,1592
"73854","Valle de San Juan",2022,3197,2190
"73861","Venadillo",2022,3980,8807
"73870","Villahermosa",2022,5792,3441
"73873","Villarrica",2022,3037,1948
"76000","Valle del Cauca",2022,660913,3928365
"76001","Cali",2022,46598,2234309
"76020","Alcalá",2022,3712,10765
"76036","Andalucía",2022,4880,17998
"76041","Ansermanuevo",2022,6826,10707
"76054","Argelia",2022,2370,2872
"76100","Bolívar",2022,11181,4730
"76109","Buenaventura",2022,72668,243075
"76111","Guadalajara de Buga",2022,19058,111506
"76113","Bugalagrande",2022,11736,13036
"76122","Caicedonia",2022,4878,24001
"76126","Calima",2022,6574,11921
"76130","Candelaria",2022,69781,25632
"76147","Cartago",2022,4617,134409
"76233","Dagua",2022,37725,11906
"76243","El Águila",2022,6157,2513
"76246","El Cairo",2022,3360,3228
"76248","El Cerrito",2022,20827,37024
"76250","El Dovio",2022,3180,5544
"76275","Florida",2022,17428,41261
"76306","Ginebra",2022,12509,10831
"76318","Guacarí",2022,12755,21245
"76364","Jamundí",2022,36775,132505
"76377","La Cumbre",2022,13469,3247
"76400","La Unión",2022,6841,28092
"76403","La Victoria",2022,2845,9171
"76497","Obando",2022,2907,9286
"76520","Palmira",2022,74298,284508
"76563","Pradera",2022,6069,42701
"76606","Restrepo",2022,5066,10430
"76616","Riofrío",2022,8057,7600
"76622","Roldanillo",2022,8673,28575
"76670","San Pedro",2022,9359,8061
"76736","Sevilla",2022,9752,31918
"76823","Toro",2022,4385,10185
"76828","Trujillo",2022,9918,9302
"76834","Tuluá",2022,40497,181107
"76845","Ulloa",2022,2882,2567
"76863","Versalles",2022,2845,4192
"76869","Vijes",2022,4742,8304
"76890","Yotoco",2022,7712,8688
"76892","Yumbo",2022,14892,96582
"76895","Zarzal",2022,10109,32831
"81000","Arauca",2022,106284,198694
"81001","Arauca",2022,14181,86184
"81065","Arauquita",2022,42387,15883
"81220","Cravo Norte",2022,1279,3015
"81300","Fortul",2022,9450,11433
"81591","Puerto Rondón",2022,1681,3417
"81736","Saravena",2022,16116,49198
"81794","Tame",2022,21190,29564
"85000","Casanare",2022,124065,318003
"85001","Yopal",2022,25035,155478
"85010","Aguazul",2022,10164,28443
"85015","Chámeza",2022,1054,1622
"85125","Hato Corozal",2022,6624,5674
"85136","La Salina",2022,696,694
"85139","Maní",2022,5749,11988
"85162","Monterrey",2022,5209,13083
"85225","Nunchía",2022,6662,2188
"85230","Orocué",2022,6953,5898
"85250","Paz de Ariporo",2022,11935,25998
"85263","Pore",2022,4929,7319
"85279","Recetor",2022,1456,369
"85300","Sabanalarga",2022,1787,1838
"85315","Sácama",2022,987,1104
"85325","San Luis de Palenque",2022,5291,3186
"85400","Támara",2022,4973,1697
"85410","Tauramena",2022,9276,16297
"85430","Trinidad",2022,6176,7484
"85440","Villanueva",2022,9109,27643
"86000","Putumayo",2022,179563,189501
"86001","Mocoa",2022,18528,42044
"86219","Colón",2022,2128,3554
"86320","Orito",2022,18231,21579
"86568","Puerto Asís",2022,27075,41999
"86569","Puerto Caicedo",2022,9757,6691
"86571","Puerto Guzmán",2022,32367,5315
"86573","Puerto Leguízamo",2022,16449,13863
"86749","Sibundoy",2022,5405,10497
"86755","San Francisco",2022,2296,3424
"86757","San Miguel",2022,14487,5486
"86760","Santiago",2022,3939,3570
"86865","Valle del Guamuez",2022,19248,16373
"86885","Villagarzón",2022,9653,15106
"88000","San Andrés y Providencia",2022,18865,46363
"88564","Providencia",2022,2824,3587
"91000","Amazonas",2022,40708,41360
"91001","Leticia",2022,14787,37216
"91540","Puerto Nariño",2022,6561,4144
"94000","Guainía",2022,28627,23434
"94001","Inírida",2022,11529,23434
"95000","Guaviare",2022,39172,51185
"95001","San José del Guaviare",2022,17694,40512
"95015","Calamar",2022,5630,4869
"95025","El Retorno",2022,10481,3825
"95200","Miraflores",2022,5367,1979
"97000","Vaupés",2022,35066,13866
"97001","Mitú",2022,24721,11117
"97161","Carurú",2022,1849,1649
"97666","Taraira",2022,1547,1100
"99000","Vichada",2022,87721,28057
"99001","Puerto Carreño",2022,4729,16069
"99524","La Primavera",2022,3716,6130
"99624","Santa Rosalía",2022,1595,2702
"99773","Cumaribo",2022,77681,3156
